[
  {
    "_id": {
      "$oid": "65fd4ae18dfd769ce313327d"
    },
    "name": "popular",
    "__v": 0
  },
  {
    "_id": {
      "$oid": "65fd4ae88dfd769ce3133282"
    },
    "name": "shooter",
    "__v": 0
  },
  {
    "_id": {
      "$oid": "65fd4eefee6f92e3d791d0d1"
    },
    "name": "TDS",
    "__v": 0
  },
  {
    "_id": {
      "$oid": "65fd4ef6ee6f92e3d791d0d7"
    },
    "name": "pixel",
    "__v": 0
  },
  {
    "_id": {
      "$oid": "660bc0a61755c9b3a8173553"
    },
    "name": "new",
    "__v": 0
  },
  {
    "_id": {
      "$oid": "660cee4e0fee465c0a9a03c6"
    },
    "name": "runner",
    "__v": 0
  }
]
